Name,PIN,Balance,Account Number
Hammett Bray,744424,148,615274
Constance Carpenter,303124,580,114751
Avye Moon,913012,993,694222
Colin Macdonald,667955,601,504341
Nigel Chandler,827662,323,167687
Damon Sellers,353343,423,404969
Abigail Gardner,567908,857,150325
Joelle Blanchard,404764,840,372345
Wendy Deleon,260634,74,748963
Buckminster Kelley,936933,166,269122
Sara Shaffer,188097,598,474574
Jorden Hebert,404793,309,156052
Madeline Hawkins,260347,877,873777
Cody Nichols,522747,384,416054
Prescott Nichols,988055,134,517036
Dieter Gonzales,159110,126,854325
Donovan Blankenship,963977,347,467381
Zoe Cross,420453,454,360608
Maya Hogan,385254,781,894047
Jerome England,517169,452,154469